﻿Designator,Footprint,Quantity,Value,LCSC Part #
"C1, C2, C3, C4",0805,4,0.01uF,
HS1,Heat Sink,1,Heatsink_Pad,
IC1,QFN50P500X500X60-33N-D,1,TCA6424ARGJR,
"J1, J2",PinHeader_2x11_P2.54mm_Vertical,2,Conn_02x11_Odd_Even,
"J3, J4",PinHeader_1x05_P2.54mm_Vertical,2,Conn_01x05,
J5,PinHeader_1x15_P2.54mm_Vertical,1,Conn_01x15,
"R1, R10, R11, R12, R13, R14, R15, R16, R17, R18, R19, R2, R20, R21, R22, R23, R24, R25, R26, R27, R28, R29, R3, R30, R31, R32, R33, R34, R35, R36, R37, R38, R39, R4, R6, R7, R8, R9",0805,38,10k,
R5,0805,1,2460,
U1,RPi_Pico_SMD_TH,1,Pico,
U2,HTSSOP-32-1EP_6.1x11mm_P0.65mm_EP5.2x11mm_Mask4.11x4.36mm_ThermalVias,1,TLC5947DAP,
